Name,Owl
"('Data_V4/LO38EAST(R5)-20150423-0501_IMG_0275_cropped1.jpg',)",0
"('Data_V4/LO38EAST(R5)-20150513-0528_IMG_0069_cropped1.jpg',)",0
"('Data_V4/LO38EAST(R5)-20150513-0528_IMG_0001(1)_cropped0.jpg',)",0
"('Data_V4/LO38EAST(R5)-20150513-0528_IMG_0560_cropped2.jpg',)",0
"('Data_V4/LO38EAST(R5)-20150501-0513_IMG_0534_cropped2.jpg',)",0
"('Data_V4/LO38EAST(R5)-20150501-0513_IMG_0114_cropped1.jpg',)",0
"('Data_V4/LO38EAST(R5)-20150417-101RECNX_IMG_0421_cropped1.jpg',)",0
"('Data_V4/LO38EAST(R5)-20150513-0528_IMG_0007(1)_cropped2.jpg',)",0
"('Data_V4/LO38EAST(R5)-20150417-101RECNX_IMG_0220_cropped2.jpg',)",0
"('Data_V4/LO38EAST(R5)-20150513-0528_IMG_1008_cropped0.jpg',)",0
"('Data_V4/LO38EAST(R5)-20150501-0513_IMG_0581_cropped1.jpg',)",0
"('Data_V4/LO38EAST(R5)-20150513-0528_IMG_0945_cropped0.jpg',)",0
"('Data_V4/LO38EAST(R5)-20150501-0513_IMG_0199_cropped1.jpg',)",0
"('Data_V4/LO38EAST(R5)-20150417-101RECNX_IMG_0086_cropped2.jpg',)",0
"('Data_V4/LO38EAST(R5)-20150423-0501_IMG_0425_cropped1.jpg',)",0
"('Data_V4/LO38EAST(R5)-20150513-0528_IMG_1243_cropped0.jpg',)",0
"('Data_V4/LO38EAST(R5)-20150501-0513_IMG_0569_cropped2.jpg',)",0
"('Data_V4/LO38EAST(R5)-20150513-0528_IMG_0038_cropped1.jpg',)",0
"('Data_V4/LO38EAST(R5)-20150513-0528_IMG_0405_cropped1.jpg',)",0
"('Data_V4/LO38EAST(R5)-20150423-0501_IMG_0254_cropped1.jpg',)",0
"('Data_V4/LO38EAST(R5)-20150423-0501_IMG_0334_cropped1.jpg',)",0
"('Data_V4/LO38EAST(R5)-20150513-0528_IMG_2298_cropped1.jpg',)",0
"('Data_V4/LO38EAST(R5)-20150423-0501_IMG_0313_cropped0.jpg',)",0
"('Data_V4/LO38EAST(R5)-20150417-101RECNX_IMG_1027_cropped1.jpg',)",0
"('Data_V4/LO38EAST(R5)-20150501-0513_IMG_0056_cropped0.jpg',)",1
"('Data_V4/LO38EAST(R5)-20150423-0501_IMG_0190_cropped0.jpg',)",1
"('Data_V4/LO38EAST(R5)-20150501-0513_IMG_0200_cropped1.jpg',)",0
"('Data_V4/LO38EAST(R5)-20150513-0528_IMG_0005(1)_cropped2.jpg',)",0
"('Data_V4/LO38EAST(R5)-20150501-0513_IMG_0231_cropped2.jpg',)",0
"('Data_V4/LO38EAST(R5)-20150423-0501_IMG_0459_cropped1.jpg',)",0
"('Data_V4/LO38EAST(R5)-20150513-0528_IMG_0206_cropped2.jpg',)",0
"('Data_V4/LO38EAST(R5)-20150513-0528_IMG_0952_cropped0.jpg',)",0
"('Data_V4/LO38EAST(R5)-20150417-101RECNX_IMG_0357_cropped1.jpg',)",0
"('Data_V4/LO38EAST(R5)-20150501-0513_IMG_0242_cropped1.jpg',)",0
"('Data_V4/LO38EAST(R5)-20150501-0513_IMG_0530_cropped2.jpg',)",0
"('Data_V4/LO38EAST(R5)-20150501-0513_IMG_0078_cropped1.jpg',)",0
"('Data_V4/LO38EAST(R5)-20150417-101RECNX_IMG_0444_cropped1.jpg',)",0
"('Data_V4/LO38EAST(R5)-20150423-0501_IMG_0345_cropped2.jpg',)",0
"('Data_V4/LO38EAST(R5)-20150417-101RECNX_IMG_0450_cropped0.jpg',)",0
"('Data_V4/LO38EAST(R5)-20150528-0616_IMG_0010(1)_cropped0.jpg',)",0
"('Data_V4/LO38EAST(R5)-20150513-0528_IMG_2238_cropped1.jpg',)",0
"('Data_V4/LO38EAST(R5)-20150513-0528_IMG_1247_cropped0.jpg',)",0
"('Data_V4/LO38EAST(R5)-20150501-0513_IMG_0159_cropped3.jpg',)",0
"('Data_V4/LO38EAST(R5)-20150501-0513_IMG_0121_cropped1.jpg',)",0
"('Data_V4/LO38EAST(R5)-20150423-0501_IMG_0415_cropped0.jpg',)",1
"('Data_V4/LO38EAST(R5)-20150501-0513_IMG_0010_cropped0.jpg',)",1
"('Data_V4/LO38EAST(R5)-20150423-0501_IMG_0337_cropped0.jpg',)",0
"('Data_V4/LO38EAST(R5)-20150513-0528_IMG_0558(1)_cropped3.jpg',)",0
"('Data_V4/LO38EAST(R5)-20150423-0501_IMG_0159_cropped1.jpg',)",0
"('Data_V4/LO38EAST(R5)-20150501-0513_IMG_0180_cropped2.jpg',)",0
"('Data_V4/LO38EAST(R5)-20150501-0513_IMG_0225_cropped1.jpg',)",0
"('Data_V4/LO38EAST(R5)-20150501-0513_IMG_0187_cropped2.jpg',)",0
"('Data_V4/LO38EAST(R5)-20150501-0513_IMG_0539_cropped1.jpg',)",0
"('Data_V4/LO38EAST(R5)-20150513-0528_IMG_1877_cropped0.jpg',)",0
"('Data_V4/LO38EAST(R5)-20150423-0501_IMG_0130_cropped0.jpg',)",0
"('Data_V4/LO38EAST(R5)-20150417-101RECNX_IMG_0149_cropped2.jpg',)",0
"('Data_V4/LO38EAST(R5)-20150423-0501_IMG_0503_cropped0.jpg',)",0
"('Data_V4/LO38EAST(R5)-20150528-0616_IMG_0035(1)_cropped1.jpg',)",1
"('Data_V4/LO38EAST(R5)-20150423-0501_IMG_0322_cropped1.jpg',)",0
"('Data_V4/LO38EAST(R5)-20150423-0501_IMG_0216_cropped1.jpg',)",0
"('Data_V4/LO38EAST(R5)-20150513-0528_IMG_0077_cropped1.jpg',)",0
"('Data_V4/LO38EAST(R5)-20150417-101RECNX_IMG_1157_cropped1.jpg',)",0
"('Data_V4/LO38EAST(R5)-20150501-0513_IMG_0489_cropped2.jpg',)",0
"('Data_V4/LO38EAST(R5)-20150423-0501_IMG_0272_cropped1.jpg',)",0
"('Data_V4/LO38EAST(R5)-20150423-0501_IMG_0289_cropped1.jpg',)",0
"('Data_V4/LO38EAST(R5)-20150513-0528_IMG_2564_cropped0.jpg',)",1
"('Data_V4/LO38EAST(R5)-20150423-0501_IMG_0282_cropped1.jpg',)",0
"('Data_V4/LO38EAST(R5)-20150423-0501_IMG_0110_cropped1.jpg',)",0
"('Data_V4/LO38EAST(R5)-20150417-101RECNX_IMG_0242_cropped1.jpg',)",0
"('Data_V4/LO38EAST(R5)-20150417-101RECNX_IMG_0474_cropped2.jpg',)",0
"('Data_V4/LO38EAST(R5)-20150513-0528_IMG_2549_cropped1.jpg',)",0
"('Data_V4/LO38EAST(R5)-20150528-0616_IMG_0040_cropped0.jpg',)",0
"('Data_V4/LO38EAST(R5)-20150501-0513_IMG_0233_cropped1.jpg',)",0
"('Data_V4/LO38EAST(R5)-20150501-0513_IMG_0221_cropped3.jpg',)",0
"('Data_V4/LO38EAST(R5)-20150501-0513_IMG_0075_cropped2.jpg',)",0
"('Data_V4/LO38EAST(R5)-20150501-0513_IMG_0580_cropped1.jpg',)",0
"('Data_V4/LO38EAST(R5)-20150513-0528_IMG_1085_cropped2.jpg',)",0
"('Data_V4/LO38EAST(R5)-20150513-0528_IMG_2403_cropped0.jpg',)",0
"('Data_V4/LO38EAST(R5)-20150423-0501_IMG_0492_cropped2.jpg',)",0
"('Data_V4/LO38EAST(R5)-20150501-0513_IMG_0603_cropped0.jpg',)",1
"('Data_V4/LO38EAST(R5)-20150513-0528_IMG_0951_cropped0.jpg',)",0
"('Data_V4/LO38EAST(R5)-20150513-0528_IMG_2204_cropped2.jpg',)",0
"('Data_V4/LO38EAST(R5)-20150423-0501_IMG_0318_cropped0.jpg',)",1
"('Data_V4/LO38EAST(R5)-20150423-0501_IMG_0515_cropped1.jpg',)",0
"('Data_V4/LO38EAST(R5)-20150513-0528_IMG_0072_cropped2.jpg',)",0
"('Data_V4/LO38EAST(R5)-20150417-101RECNX_IMG_0257_cropped0.jpg',)",0
"('Data_V4/LO38EAST(R5)-20150417-101RECNX_IMG_0987_cropped1.jpg',)",0
"('Data_V4/LO38EAST(R5)-20150501-0513_IMG_0246_cropped2.jpg',)",1
"('Data_V4/LO38EAST(R5)-20150513-0528_IMG_0370_cropped1.jpg',)",0
"('Data_V4/LO38EAST(R5)-20150423-0501_IMG_0296_cropped1.jpg',)",0
"('Data_V4/LO38EAST(R5)-20150513-0528_IMG_0239_cropped1.jpg',)",0
"('Data_V4/LO38EAST(R5)-20150501-0513_IMG_0143_cropped1.jpg',)",0
"('Data_V4/LO38EAST(R5)-20150513-0528_IMG_2613_cropped0.jpg',)",0
"('Data_V4/LO38EAST(R5)-20150417-101RECNX_IMG_0079_cropped2.jpg',)",0
"('Data_V4/LO38EAST(R5)-20150513-0528_IMG_2401_cropped0.jpg',)",0
"('Data_V4/LO38EAST(R5)-20150528-0616_IMG_0001_cropped0.jpg',)",0
"('Data_V4/LO38EAST(R5)-20150501-0513_IMG_0107_cropped3.jpg',)",0
"('Data_V4/LO38EAST(R5)-20150513-0528_IMG_2205_cropped2.jpg',)",0
"('Data_V4/LO38EAST(R5)-20150423-0501_IMG_0247_cropped1.jpg',)",0
"('Data_V4/LO38EAST(R5)-20150417-101RECNX_IMG_0779_cropped0.jpg',)",0
"('Data_V4/LO38EAST(R5)-20150501-0513_IMG_0106_cropped1.jpg',)",0
"('Data_V4/LO38EAST(R5)-20150501-0513_IMG_0198_cropped2.jpg',)",0
"('Data_V4/LO38EAST(R5)-20150513-0528_IMG_0016_cropped2.jpg',)",0
"('Data_V4/LO38EAST(R5)-20150501-0513_IMG_0120_cropped0.jpg',)",0
"('Data_V4/LO38EAST(R5)-20150423-0501_IMG_0270_cropped1.jpg',)",0
"('Data_V4/LO38EAST(R5)-20150501-0513_IMG_0566_cropped1.jpg',)",0
"('Data_V4/LO38EAST(R5)-20150423-0501_IMG_0510_cropped2.jpg',)",0
"('Data_V4/LO38EAST(R5)-20150423-0501_IMG_0460_cropped2.jpg',)",0
"('Data_V4/LO38EAST(R5)-20150417-101RECNX_IMG_0534_cropped1.jpg',)",0
"('Data_V4/LO38EAST(R5)-20150501-0513_IMG_0142_cropped2.jpg',)",0
"('Data_V4/LO38EAST(R5)-20150513-0528_IMG_0411_cropped1.jpg',)",0
"('Data_V4/LO38EAST(R5)-20150513-0528_IMG_1454_cropped1.jpg',)",0
"('Data_V4/LO38EAST(R5)-20150501-0513_IMG_0550_cropped2.jpg',)",0
"('Data_V4/LO38EAST(R5)-20150513-0528_IMG_1242_cropped1.jpg',)",0
"('Data_V4/LO38EAST(R5)-20150513-0528_IMG_0941_cropped0.jpg',)",0
"('Data_V4/LO38EAST(R5)-20150513-0528_IMG_0029_cropped2.jpg',)",0
"('Data_V4/LO38EAST(R5)-20150528-0616_IMG_0055_cropped0.jpg',)",1
"('Data_V4/LO38EAST(R5)-20150528-0616_IMG_0025(1)_cropped0.jpg',)",0
"('Data_V4/LO38EAST(R5)-20150417-101RECNX_IMG_0235_cropped2.jpg',)",0
"('Data_V4/LO38EAST(R5)-20150513-0528_IMG_0006_cropped2.jpg',)",0
"('Data_V4/LO38EAST(R5)-20150417-101RECNX_IMG_0686_cropped1.jpg',)",0
"('Data_V4/LO38EAST(R5)-20150501-0513_IMG_0035_cropped1.jpg',)",0
"('Data_V4/LO38EAST(R5)-20150501-0513_IMG_0507_cropped2.jpg',)",0
"('Data_V4/LO38EAST(R5)-20150528-0616_IMG_0018_cropped0.jpg',)",1
"('Data_V4/LO38EAST(R5)-20150501-0513_IMG_0229_cropped1.jpg',)",0
"('Data_V4/LO38EAST(R5)-20150501-0513_IMG_0154_cropped3.jpg',)",0
"('Data_V4/LO38EAST(R5)-20150501-0513_IMG_0103_cropped2.jpg',)",0
"('Data_V4/LO38EAST(R5)-20150417-101RECNX_IMG_0087_cropped2.jpg',)",0
"('Data_V4/LO38EAST(R5)-20150417-101RECNX_IMG_0244_cropped2.jpg',)",0
"('Data_V4/LO38EAST(R5)-20150513-0528_IMG_2773_cropped1.jpg',)",0
"('Data_V4/LO38EAST(R5)-20150513-0528_IMG_0060_cropped1.jpg',)",0
"('Data_V4/LO38EAST(R5)-20150513-0528_IMG_2762_cropped2.jpg',)",0
"('Data_V4/LO38EAST(R5)-20150513-0528_IMG_0012_cropped2.jpg',)",0
"('Data_V4/LO38EAST(R5)-20150501-0513_IMG_0027_cropped1.jpg',)",0
"('Data_V4/LO38EAST(R5)-20150513-0528_IMG_0013_cropped2.jpg',)",0
"('Data_V4/LO38EAST(R5)-20150423-0501_IMG_0524_cropped3.jpg',)",0
"('Data_V4/LO38EAST(R5)-20150423-0501_IMG_0280_cropped1.jpg',)",0
"('Data_V4/LO38EAST(R5)-20150501-0513_IMG_0031_cropped0.jpg',)",0
"('Data_V4/LO38EAST(R5)-20150423-0501_IMG_0268_cropped1.jpg',)",0
"('Data_V4/LO38EAST(R5)-20150423-0501_IMG_0321_cropped1.jpg',)",1
"('Data_V4/LO38EAST(R5)-20150513-0528_IMG_0955_cropped0.jpg',)",0
"('Data_V4/LO38EAST(R5)-20150513-0528_IMG_0015(1)_cropped2.jpg',)",0
"('Data_V4/LO38EAST(R5)-20150513-0528_IMG_0210_cropped1.jpg',)",0
"('Data_V4/LO38EAST(R5)-20150513-0528_IMG_0013(1)_cropped2.jpg',)",0
"('Data_V4/LO38EAST(R5)-20150513-0528_IMG_0983_cropped0.jpg',)",0
"('Data_V4/LO38EAST(R5)-20150417-101RECNX_IMG_0793_cropped1.jpg',)",0
"('Data_V4/LO38EAST(R5)-20150423-0501_IMG_0323_cropped1.jpg',)",0
"('Data_V4/LO38EAST(R5)-20150417-101RECNX_IMG_0227_cropped2.jpg',)",0
"('Data_V4/LO38EAST(R5)-20150417-101RECNX_IMG_1121_cropped1.jpg',)",0
"('Data_V4/LO38EAST(R5)-20150501-0513_IMG_0478_cropped1.jpg',)",0
"('Data_V4/LO38EAST(R5)-20150423-0501_IMG_0115_cropped1.jpg',)",0
"('Data_V4/LO38EAST(R5)-20150513-0528_IMG_2201_cropped1.jpg',)",0
"('Data_V4/LO38EAST(R5)-20150513-0528_IMG_2407_cropped1.jpg',)",0
"('Data_V4/LO38EAST(R5)-20150423-0501_IMG_0351_cropped1.jpg',)",0
"('Data_V4/LO38EAST(R5)-20150513-0528_IMG_0372_cropped2.jpg',)",0
"('Data_V4/LO38EAST(R5)-20150513-0528_IMG_0559_cropped2.jpg',)",0
"('Data_V4/LO38EAST(R5)-20150501-0513_IMG_0172_cropped1.jpg',)",0
"('Data_V4/LO38EAST(R5)-20150417-101RECNX_IMG_0108_cropped2.jpg',)",0
"('Data_V4/LO38EAST(R5)-20150513-0528_IMG_1737_cropped1.jpg',)",0
"('Data_V4/LO38EAST(R5)-20150501-0513_IMG_0524_cropped1.jpg',)",0
"('Data_V4/LO38EAST(R5)-20150513-0528_IMG_0359_cropped3.jpg',)",0
"('Data_V4/LO38EAST(R5)-20150513-0528_IMG_0366_cropped1.jpg',)",0
"('Data_V4/LO38EAST(R5)-20150423-0501_IMG_0453_cropped0.jpg',)",1
"('Data_V4/LO38EAST(R5)-20150513-0528_IMG_0217_cropped1.jpg',)",0
"('Data_V4/LO38EAST(R5)-20150423-0501_IMG_0496_cropped1.jpg',)",0
"('Data_V4/LO38EAST(R5)-20150513-0528_IMG_0316_cropped2.jpg',)",0
"('Data_V4/LO38EAST(R5)-20150513-0528_IMG_2239_cropped2.jpg',)",0
"('Data_V4/LO38EAST(R5)-20150501-0513_IMG_0071_cropped3.jpg',)",0
"('Data_V4/LO38EAST(R5)-20150501-0513_IMG_0123_cropped1.jpg',)",0
"('Data_V4/LO38EAST(R5)-20150513-0528_IMG_0026_cropped1.jpg',)",0
"('Data_V4/LO38EAST(R5)-20150417-101RECNX_IMG_1117_cropped1.jpg',)",0
"('Data_V4/LO38EAST(R5)-20150501-0513_IMG_0222_cropped2.jpg',)",0
"('Data_V4/LO38EAST(R5)-20150513-0528_IMG_1468_cropped1.jpg',)",0
"('Data_V4/LO38EAST(R5)-20150513-0528_IMG_2558_cropped2.jpg',)",0
"('Data_V4/LO38EAST(R5)-20150423-0501_IMG_0463_cropped2.jpg',)",0
"('Data_V4/LO38EAST(R5)-20150513-0528_IMG_0438_cropped1.jpg',)",0
"('Data_V4/LO38EAST(R5)-20150513-0528_IMG_0189_cropped2.jpg',)",0
"('Data_V4/LO38EAST(R5)-20150501-0513_IMG_0015_cropped0.jpg',)",0
"('Data_V4/LO38EAST(R5)-20150513-0528_IMG_2616_cropped1.jpg',)",0
"('Data_V4/LO38EAST(R5)-20150501-0513_IMG_0118_cropped0.jpg',)",0
"('Data_V4/LO38EAST(R5)-20150513-0528_IMG_0968_cropped0.jpg',)",0
"('Data_V4/LO38EAST(R5)-20150417-101RECNX_IMG_1143_cropped1.jpg',)",0
"('Data_V4/LO38EAST(R5)-20150423-0501_IMG_0068_cropped0.jpg',)",0
"('Data_V4/LO38EAST(R5)-20150417-101RECNX_IMG_0781_cropped1.jpg',)",0
"('Data_V4/LO38EAST(R5)-20150501-0513_IMG_0014_cropped0.jpg',)",0
"('Data_V4/LO38EAST(R5)-20150501-0513_IMG_0131_cropped1.jpg',)",0
"('Data_V4/LO38EAST(R5)-20150423-0501_IMG_0442_cropped0.jpg',)",0
"('Data_V4/LO38EAST(R5)-20150513-0528_IMG_0589_cropped1.jpg',)",0
"('Data_V4/LO38EAST(R5)-20150513-0528_IMG_2610_cropped0.jpg',)",0
"('Data_V4/LO38EAST(R5)-20150423-0501_IMG_0229_cropped2.jpg',)",0
"('Data_V4/LO38EAST(R5)-20150501-0513_IMG_0518_cropped1.jpg',)",0
"('Data_V4/LO38EAST(R5)-20150513-0528_IMG_0216_cropped1.jpg',)",0
"('Data_V4/LO38EAST(R5)-20150417-101RECNX_IMG_0778_cropped0.jpg',)",0
"('Data_V4/LO38EAST(R5)-20150501-0513_IMG_0045_cropped1.jpg',)",0
"('Data_V4/LO38EAST(R5)-20150501-0513_IMG_0036_cropped1.jpg',)",0
"('Data_V4/LO38EAST(R5)-20150423-0501_IMG_0206_cropped0.jpg',)",0
"('Data_V4/LO38EAST(R5)-20150501-0513_IMG_0543_cropped1.jpg',)",0
"('Data_V4/LO38EAST(R5)-20150423-0501_IMG_0527_cropped2.jpg',)",0
"('Data_V4/LO38EAST(R5)-20150513-0528_IMG_2214_cropped0.jpg',)",0
"('Data_V4/LO38EAST(R5)-20150513-0528_IMG_0213_cropped1.jpg',)",0
"('Data_V4/LO38EAST(R5)-20150528-0616_IMG_0018(1)_cropped0.jpg',)",1
"('Data_V4/LO38EAST(R5)-20150423-0501_IMG_0266_cropped1.jpg',)",0
"('Data_V4/LO38EAST(R5)-20150423-0501_IMG_0098_cropped1.jpg',)",0
"('Data_V4/LO38EAST(R5)-20150513-0528_IMG_0946_cropped1.jpg',)",0
"('Data_V4/LO38EAST(R5)-20150423-0501_IMG_0225_cropped1.jpg',)",0
"('Data_V4/LO38EAST(R5)-20150513-0528_IMG_2628_cropped2.jpg',)",0
"('Data_V4/LO38EAST(R5)-20150423-0501_IMG_0336_cropped0.jpg',)",0
"('Data_V4/LO38EAST(R5)-20150513-0528_IMG_2410_cropped1.jpg',)",0
"('Data_V4/LO38EAST(R5)-20150501-0513_IMG_0050_cropped0.jpg',)",0
"('Data_V4/LO38EAST(R5)-20150513-0528_IMG_1726_cropped1.jpg',)",0
"('Data_V4/LO38EAST(R5)-20150513-0528_IMG_2639_cropped0.jpg',)",0
"('Data_V4/LO38EAST(R5)-20150501-0513_IMG_0129_cropped1.jpg',)",0
"('Data_V4/LO38EAST(R5)-20150501-0513_IMG_0171_cropped1.jpg',)",0
"('Data_V4/LO38EAST(R5)-20150513-0528_IMG_2215_cropped1.jpg',)",0
"('Data_V4/LO38EAST(R5)-20150513-0528_IMG_0990_cropped0.jpg',)",0
"('Data_V4/LO38EAST(R5)-20150423-0501_IMG_0367_cropped1.jpg',)",0
"('Data_V4/LO38EAST(R5)-20150423-0501_IMG_0290_cropped1.jpg',)",0
"('Data_V4/LO38EAST(R5)-20150417-101RECNX_IMG_0516_cropped2.jpg',)",0
"('Data_V4/LO38EAST(R5)-20150501-0513_IMG_0029_cropped1.jpg',)",0
"('Data_V4/LO38EAST(R5)-20150501-0513_IMG_0004_cropped0.jpg',)",1
"('Data_V4/LO38EAST(R5)-20150513-0528_IMG_2788_cropped2.jpg',)",0
"('Data_V4/LO38EAST(R5)-20150501-0513_IMG_0019_cropped1.jpg',)",0
"('Data_V4/LO38EAST(R5)-20150513-0528_IMG_0564_cropped1.jpg',)",0
"('Data_V4/LO38EAST(R5)-20150501-0513_IMG_0506_cropped2.jpg',)",0
"('Data_V4/LO38EAST(R5)-20150513-0528_IMG_0363_cropped2.jpg',)",0
"('Data_V4/LO38EAST(R5)-20150513-0528_IMG_0025_cropped2.jpg',)",0
"('Data_V4/LO38EAST(R5)-20150423-0501_IMG_0443_cropped1.jpg',)",0
"('Data_V4/LO38EAST(R5)-20150501-0513_IMG_0497_cropped1.jpg',)",0
"('Data_V4/LO38EAST(R5)-20150513-0528_IMG_0548_cropped1.jpg',)",0
"('Data_V4/LO38EAST(R5)-20150417-101RECNX_IMG_0039_cropped2.jpg',)",0
"('Data_V4/LO38EAST(R5)-20150513-0528_IMG_0562_cropped0.jpg',)",0
"('Data_V4/LO38EAST(R5)-20150513-0528_IMG_0079_cropped1.jpg',)",0
"('Data_V4/LO38EAST(R5)-20150513-0528_IMG_2561_cropped1.jpg',)",0
"('Data_V4/LO38EAST(R5)-20150501-0513_IMG_0126_cropped1.jpg',)",0
"('Data_V4/LO38EAST(R5)-20150513-0528_IMG_0204_cropped1.jpg',)",0
"('Data_V4/LO38EAST(R5)-20150501-0513_IMG_0182_cropped1.jpg',)",0
"('Data_V4/LO38EAST(R5)-20150501-0513_IMG_0583_cropped3.jpg',)",0
"('Data_V4/LO38EAST(R5)-20150423-0501_IMG_0302_cropped0.jpg',)",0
"('Data_V4/LO38EAST(R5)-20150501-0513_IMG_0092_cropped0.jpg',)",0
"('Data_V4/LO38EAST(R5)-20150417-101RECNX_IMG_0267_cropped0.jpg',)",0
"('Data_V4/LO38EAST(R5)-20150513-0528_IMG_2770_cropped1.jpg',)",0
"('Data_V4/LO38EAST(R5)-20150528-0616_IMG_0046(1)_cropped0.jpg',)",0
"('Data_V4/LO38EAST(R5)-20150501-0513_IMG_0474_cropped2.jpg',)",0
"('Data_V4/LO38EAST(R5)-20150513-0528_IMG_1723_cropped0.jpg',)",0
"('Data_V4/LO38EAST(R5)-20150513-0528_IMG_0215_cropped1.jpg',)",0
"('Data_V4/LO38EAST(R5)-20150528-0616_IMG_0057(1)_cropped2.jpg',)",0
"('Data_V4/LO38EAST(R5)-20150513-0528_IMG_0039_cropped1.jpg',)",0
"('Data_V4/LO38EAST(R5)-20150423-0501_IMG_0355_cropped1.jpg',)",0
"('Data_V4/LO38EAST(R5)-20150417-101RECNX_IMG_0202_cropped2.jpg',)",0
"('Data_V4/LO38EAST(R5)-20150423-0501_IMG_0158_cropped1.jpg',)",0
"('Data_V4/LO38EAST(R5)-20150513-0528_IMG_2400_cropped1.jpg',)",0
"('Data_V4/LO38EAST(R5)-20150513-0528_IMG_0005_cropped2.jpg',)",0
"('Data_V4/LO38EAST(R5)-20150513-0528_IMG_2372_cropped0.jpg',)",0
"('Data_V4/LO38EAST(R5)-20150501-0513_IMG_0003_cropped0.jpg',)",1
"('Data_V4/LO38EAST(R5)-20150513-0528_IMG_0563(1)_cropped1.jpg',)",0
"('Data_V4/LO38EAST(R5)-20150423-0501_IMG_0147_cropped1.jpg',)",1
"('Data_V4/LO38EAST(R5)-20150513-0528_IMG_0014(1)_cropped2.jpg',)",0
"('Data_V4/LO38EAST(R5)-20150501-0513_IMG_0013_cropped0.jpg',)",0
"('Data_V4/LO38EAST(R5)-20150417-101RECNX_IMG_0009_cropped2.jpg',)",0
"('Data_V4/LO38EAST(R5)-20150513-0528_IMG_0057_cropped2.jpg',)",0
"('Data_V4/LO38EAST(R5)-20150423-0501_IMG_0224_cropped1.jpg',)",0
"('Data_V4/LO38EAST(R5)-20150501-0513_IMG_0087_cropped0.jpg',)",0
"('Data_V4/LO38EAST(R5)-20150423-0501_IMG_0418_cropped1.jpg',)",0
"('Data_V4/LO38EAST(R5)-20150513-0528_IMG_0997_cropped0.jpg',)",0
"('Data_V4/LO38EAST(R5)-20150513-0528_IMG_0010_cropped2.jpg',)",0
"('Data_V4/LO38EAST(R5)-20150501-0513_IMG_0028_cropped1.jpg',)",0
"('Data_V4/LO38EAST(R5)-20150423-0501_IMG_0303_cropped0.jpg',)",0
"('Data_V4/LO38EAST(R5)-20150513-0528_IMG_2363_cropped0.jpg',)",0
"('Data_V4/LO38EAST(R5)-20150423-0501_IMG_0284_cropped1.jpg',)",0
"('Data_V4/LO38EAST(R5)-20150513-0528_IMG_0148_cropped2.jpg',)",0
"('Data_V4/LO38EAST(R5)-20150528-0616_IMG_0019_cropped0.jpg',)",1
"('Data_V4/LO38EAST(R5)-20150423-0501_IMG_0108_cropped1.jpg',)",0
"('Data_V4/LO38EAST(R5)-20150513-0528_IMG_0373_cropped1.jpg',)",0
"('Data_V4/LO38EAST(R5)-20150423-0501_IMG_0476_cropped0.jpg',)",0
"('Data_V4/LO38EAST(R5)-20150513-0528_IMG_1915_cropped0.jpg',)",0
"('Data_V4/LO38EAST(R5)-20150417-101RECNX_IMG_0250_cropped0.jpg',)",0
"('Data_V4/LO38EAST(R5)-20150423-0501_IMG_0507_cropped0.jpg',)",0
"('Data_V4/LO38EAST(R5)-20150423-0501_IMG_0165_cropped1.jpg',)",0
"('Data_V4/LO38EAST(R5)-20150513-0528_IMG_0004(1)_cropped2.jpg',)",0
"('Data_V4/LO38EAST(R5)-20150501-0513_IMG_0606_cropped0.jpg',)",0
"('Data_V4/LO38EAST(R5)-20150513-0528_IMG_1086_cropped2.jpg',)",0
"('Data_V4/LO38EAST(R5)-20150513-0528_IMG_0404_cropped0.jpg',)",0
"('Data_V4/LO38EAST(R5)-20150423-0501_IMG_0517_cropped1.jpg',)",0
"('Data_V4/LO38EAST(R5)-20150513-0528_IMG_1445_cropped0.jpg',)",0
"('Data_V4/LO38EAST(R5)-20150501-0513_IMG_0039_cropped1.jpg',)",0
"('Data_V4/LO38EAST(R5)-20150513-0528_IMG_0374_cropped1.jpg',)",0
"('Data_V4/LO38EAST(R5)-20150501-0513_IMG_0216_cropped1.jpg',)",0
"('Data_V4/LO38EAST(R5)-20150423-0501_IMG_0213_cropped0.jpg',)",1
"('Data_V4/LO38EAST(R5)-20150501-0513_IMG_0017_cropped1.jpg',)",0
"('Data_V4/LO38EAST(R5)-20150423-0501_IMG_0146_cropped1.jpg',)",0
"('Data_V4/LO38EAST(R5)-20150513-0528_IMG_0020_cropped1.jpg',)",0
"('Data_V4/LO38EAST(R5)-20150513-0528_IMG_0993_cropped0.jpg',)",0
"('Data_V4/LO38EAST(R5)-20150423-0501_IMG_0522_cropped1.jpg',)",0
"('Data_V4/LO38EAST(R5)-20150417-101RECNX_IMG_0981_cropped1.jpg',)",0
"('Data_V4/LO38EAST(R5)-20150501-0513_IMG_0599_cropped1.jpg',)",0
"('Data_V4/LO38EAST(R5)-20150513-0528_IMG_0035_cropped2.jpg',)",0
"('Data_V4/LO38EAST(R5)-20150513-0528_IMG_0067_cropped2.jpg',)",0
"('Data_V4/LO38EAST(R5)-20150513-0528_IMG_2267_cropped1.jpg',)",0
"('Data_V4/LO38EAST(R5)-20150513-0528_IMG_1720_cropped0.jpg',)",0
"('Data_V4/LO38EAST(R5)-20150513-0528_IMG_2360_cropped1.jpg',)",0
"('Data_V4/LO38EAST(R5)-20150423-0501_IMG_0436_cropped1.jpg',)",0
"('Data_V4/LO38EAST(R5)-20150513-0528_IMG_2611_cropped1.jpg',)",0
"('Data_V4/LO38EAST(R5)-20150501-0513_IMG_0144_cropped1.jpg',)",0
"('Data_V4/LO38EAST(R5)-20150528-0616_IMG_0054(1)_cropped0.jpg',)",1
"('Data_V4/LO38EAST(R5)-20150423-0501_IMG_0324_cropped1.jpg',)",0
"('Data_V4/LO38EAST(R5)-20150528-0616_IMG_0013_cropped0.jpg',)",0
"('Data_V4/LO38EAST(R5)-20150501-0513_IMG_0487_cropped1.jpg',)",0
"('Data_V4/LO38EAST(R5)-20150423-0501_IMG_0309_cropped1.jpg',)",0
"('Data_V4/LO38EAST(R5)-20150501-0513_IMG_0161_cropped3.jpg',)",0
"('Data_V4/LO38EAST(R5)-20150423-0501_IMG_0154_cropped1.jpg',)",0
"('Data_V4/LO38EAST(R5)-20150501-0513_IMG_0593_cropped3.jpg',)",0
"('Data_V4/LO38EAST(R5)-20150513-0528_IMG_0040_cropped2.jpg',)",0
"('Data_V4/LO38EAST(R5)-20150501-0513_IMG_0568_cropped3.jpg',)",0
"('Data_V4/LO38EAST(R5)-20150423-0501_IMG_0330_cropped1.jpg',)",0
"('Data_V4/LO38EAST(R5)-20150423-0501_IMG_0523_cropped2.jpg',)",0
"('Data_V4/LO38EAST(R5)-20150501-0513_IMG_0130_cropped2.jpg',)",0
"('Data_V4/LO38EAST(R5)-20150528-0616_IMG_0052(1)_cropped1.jpg',)",0
"('Data_V4/LO38EAST(R5)-20150528-0616_IMG_0033(1)_cropped0.jpg',)",1
"('Data_V4/LO38EAST(R5)-20150513-0528_IMG_0198_cropped1.jpg',)",0
"('Data_V4/LO38EAST(R5)-20150501-0513_IMG_0509_cropped1.jpg',)",0
"('Data_V4/LO38EAST(R5)-20150513-0528_IMG_2571_cropped0.jpg',)",0
"('Data_V4/LO38EAST(R5)-20150513-0528_IMG_0364_cropped2.jpg',)",0
"('Data_V4/LO38EAST(R5)-20150423-0501_IMG_0099_cropped1.jpg',)",0
"('Data_V4/LO38EAST(R5)-20150513-0528_IMG_0376_cropped1.jpg',)",0
"('Data_V4/LO38EAST(R5)-20150423-0501_IMG_0233_cropped1.jpg',)",0
"('Data_V4/LO38EAST(R5)-20150423-0501_IMG_0223_cropped1.jpg',)",0
"('Data_V4/LO38EAST(R5)-20150501-0513_IMG_0600_cropped1.jpg',)",0
"('Data_V4/LO38EAST(R5)-20150528-0616_IMG_0025_cropped0.jpg',)",0
"('Data_V4/LO38EAST(R5)-20150513-0528_IMG_0010(1)_cropped2.jpg',)",0
"('Data_V4/LO38EAST(R5)-20150423-0501_IMG_0265_cropped0.jpg',)",1
"('Data_V4/LO38EAST(R5)-20150417-101RECNX_IMG_0681_cropped1.jpg',)",0
"('Data_V4/LO38EAST(R5)-20150513-0528_IMG_0371_cropped1.jpg',)",0
"('Data_V4/LO38EAST(R5)-20150423-0501_IMG_0481_cropped0.jpg',)",0
"('Data_V4/LO38EAST(R5)-20150513-0528_IMG_2600_cropped0.jpg',)",0
"('Data_V4/LO38EAST(R5)-20150513-0528_IMG_0316(1)_cropped2.jpg',)",0
"('Data_V4/LO38EAST(R5)-20150501-0513_IMG_0540_cropped1.jpg',)",0
"('Data_V4/LO38EAST(R5)-20150501-0513_IMG_0546_cropped2.jpg',)",0
"('Data_V4/LO38EAST(R5)-20150501-0513_IMG_0053_cropped1.jpg',)",0
"('Data_V4/LO38EAST(R5)-20150417-101RECNX_IMG_0556_cropped0.jpg',)",0
"('Data_V4/LO38EAST(R5)-20150501-0513_IMG_0105_cropped2.jpg',)",0
"('Data_V4/LO38EAST(R5)-20150513-0528_IMG_0986_cropped0.jpg',)",0
"('Data_V4/LO38EAST(R5)-20150501-0513_IMG_0191_cropped1.jpg',)",0
"('Data_V4/LO38EAST(R5)-20150513-0528_IMG_0018_cropped2.jpg',)",0
"('Data_V4/LO38EAST(R5)-20150501-0513_IMG_0554_cropped1.jpg',)",0
"('Data_V4/LO38EAST(R5)-20150513-0528_IMG_0016(1)_cropped2.jpg',)",0
"('Data_V4/LO38EAST(R5)-20150513-0528_IMG_0228(1)_cropped1.jpg',)",0
"('Data_V4/LO38EAST(R5)-20150417-101RECNX_IMG_0535_cropped2.jpg',)",0
"('Data_V4/LO38EAST(R5)-20150513-0528_IMG_0045_cropped3.jpg',)",0
"('Data_V4/LO38EAST(R5)-20150501-0513_IMG_0097_cropped1.jpg',)",0
"('Data_V4/LO38EAST(R5)-20150513-0528_IMG_0159_cropped1.jpg',)",0
"('Data_V4/LO38EAST(R5)-20150417-101RECNX_IMG_0560_cropped1.jpg',)",0
"('Data_V4/LO38EAST(R5)-20150513-0528_IMG_1722_cropped0.jpg',)",0
"('Data_V4/LO38EAST(R5)-20150417-101RECNX_IMG_0748_cropped2.jpg',)",0
"('Data_V4/LO38EAST(R5)-20150501-0513_IMG_0594_cropped1.jpg',)",0
"('Data_V4/LO38EAST(R5)-20150513-0528_IMG_0158_cropped1.jpg',)",0
"('Data_V4/LO38EAST(R5)-20150513-0528_IMG_2760_cropped1.jpg',)",0
"('Data_V4/LO38EAST(R5)-20150513-0528_IMG_0047_cropped2.jpg',)",0
"('Data_V4/LO38EAST(R5)-20150501-0513_IMG_0227_cropped0.jpg',)",0
"('Data_V4/LO38EAST(R5)-20150423-0501_IMG_0241_cropped0.jpg',)",1
"('Data_V4/LO38EAST(R5)-20150423-0501_IMG_0430_cropped0.jpg',)",0
"('Data_V4/LO38EAST(R5)-20150423-0501_IMG_0332_cropped1.jpg',)",0
"('Data_V4/LO38EAST(R5)-20150423-0501_IMG_0397_cropped1.jpg',)",0
"('Data_V4/LO38EAST(R5)-20150513-0528_IMG_0015_cropped2.jpg',)",0
"('Data_V4/LO38EAST(R5)-20150501-0513_IMG_0218_cropped3.jpg',)",0
"('Data_V4/LO38EAST(R5)-20150423-0501_IMG_0226_cropped0.jpg',)",0
"('Data_V4/LO38EAST(R5)-20150501-0513_IMG_0556_cropped1.jpg',)",0
"('Data_V4/LO38EAST(R5)-20150423-0501_IMG_0209_cropped1.jpg',)",0
"('Data_V4/LO38EAST(R5)-20150501-0513_IMG_0560_cropped2.jpg',)",0
"('Data_V4/LO38EAST(R5)-20150513-0528_IMG_0171_cropped1.jpg',)",0
"('Data_V4/LO38EAST(R5)-20150423-0501_IMG_0214_cropped1.jpg',)",0
"('Data_V4/LO38EAST(R5)-20150513-0528_IMG_0995_cropped1.jpg',)",0
"('Data_V4/LO38EAST(R5)-20150423-0501_IMG_0338_cropped0.jpg',)",0
"('Data_V4/LO38EAST(R5)-20150513-0528_IMG_0969_cropped0.jpg',)",0
"('Data_V4/LO38EAST(R5)-20150417-101RECNX_IMG_0192_cropped1.jpg',)",0
"('Data_V4/LO38EAST(R5)-20150417-101RECNX_IMG_0838_cropped0.jpg',)",1
"('Data_V4/LO38EAST(R5)-20150513-0528_IMG_0600_cropped0.jpg',)",0
"('Data_V4/LO38EAST(R5)-20150423-0501_IMG_0168_cropped0.jpg',)",1
"('Data_V4/LO38EAST(R5)-20150513-0528_IMG_2818_cropped0.jpg',)",0
"('Data_V4/LO38EAST(R5)-20150528-0616_IMG_0056_cropped1.jpg',)",0
"('Data_V4/LO38EAST(R5)-20150501-0513_IMG_0037_cropped1.jpg',)",0
"('Data_V4/LO38EAST(R5)-20150417-101RECNX_IMG_0233_cropped2.jpg',)",0
"('Data_V4/LO38EAST(R5)-20150423-0501_IMG_0174_cropped0.jpg',)",0
"('Data_V4/LO38EAST(R5)-20150501-0513_IMG_0609_cropped1.jpg',)",0
"('Data_V4/LO38EAST(R5)-20150501-0513_IMG_0042_cropped1.jpg',)",0
"('Data_V4/LO38EAST(R5)-20150513-0528_IMG_2748_cropped1.jpg',)",0
"('Data_V4/LO38EAST(R5)-20150513-0528_IMG_0563_cropped1.jpg',)",0
"('Data_V4/LO38EAST(R5)-20150423-0501_IMG_0259_cropped1.jpg',)",0
"('Data_V4/LO38EAST(R5)-20150513-0528_IMG_0389_cropped2.jpg',)",0
"('Data_V4/LO38EAST(R5)-20150513-0528_IMG_0064_cropped1.jpg',)",0
"('Data_V4/LO38EAST(R5)-20150423-0501_IMG_0177_cropped0.jpg',)",1
"('Data_V4/LO38EAST(R5)-20150513-0528_IMG_0200_cropped2.jpg',)",0
"('Data_V4/LO38EAST(R5)-20150513-0528_IMG_0410_cropped0.jpg',)",1
"('Data_V4/LO38EAST(R5)-20150417-101RECNX_IMG_0708_cropped2.jpg',)",0
"('Data_V4/LO38EAST(R5)-20150501-0513_IMG_0494_cropped2.jpg',)",0
"('Data_V4/LO38EAST(R5)-20150423-0501_IMG_0292_cropped1.jpg',)",0
"('Data_V4/LO38EAST(R5)-20150513-0528_IMG_2823_cropped0.jpg',)",0
"('Data_V4/LO38EAST(R5)-20150423-0501_IMG_0525_cropped4.jpg',)",0
"('Data_V4/LO38EAST(R5)-20150513-0528_IMG_2399_cropped2.jpg',)",0
"('Data_V4/LO38EAST(R5)-20150513-0528_IMG_0607_cropped0.jpg',)",0
"('Data_V4/LO38EAST(R5)-20150423-0501_IMG_0150_cropped0.jpg',)",0
"('Data_V4/LO38EAST(R5)-20150423-0501_IMG_0440_cropped1.jpg',)",0
"('Data_V4/LO38EAST(R5)-20150423-0501_IMG_0314_cropped0.jpg',)",1
"('Data_V4/LO38EAST(R5)-20150417-101RECNX_IMG_0561_cropped1.jpg',)",0
"('Data_V4/LO38EAST(R5)-20150501-0513_IMG_0186_cropped2.jpg',)",0
"('Data_V4/LO38EAST(R5)-20150513-0528_IMG_0944_cropped0.jpg',)",0
"('Data_V4/LO38EAST(R5)-20150513-0528_IMG_1902_cropped1.jpg',)",0
"('Data_V4/LO38EAST(R5)-20150528-0616_IMG_0007_cropped0.jpg',)",1
"('Data_V4/LO38EAST(R5)-20150501-0513_IMG_0480_cropped2.jpg',)",0
"('Data_V4/LO38EAST(R5)-20150423-0501_IMG_0361_cropped1.jpg',)",0
"('Data_V4/LO38EAST(R5)-20150423-0501_IMG_0231_cropped1.jpg',)",0
"('Data_V4/LO38EAST(R5)-20150513-0528_IMG_0399_cropped1.jpg',)",0
"('Data_V4/LO38EAST(R5)-20150501-0513_IMG_0230_cropped1.jpg',)",0
"('Data_V4/LO38EAST(R5)-20150528-0616_IMG_0012_cropped0.jpg',)",0
"('Data_V4/LO38EAST(R5)-20150513-0528_IMG_0149_cropped1.jpg',)",0
"('Data_V4/LO38EAST(R5)-20150528-0616_IMG_0028_cropped0.jpg',)",1
"('Data_V4/LO38EAST(R5)-20150423-0501_IMG_0217_cropped0.jpg',)",0
"('Data_V4/LO38EAST(R5)-20150513-0528_IMG_1917_cropped0.jpg',)",0
"('Data_V4/LO38EAST(R5)-20150501-0513_IMG_0125_cropped2.jpg',)",0
"('Data_V4/LO38EAST(R5)-20150513-0528_IMG_0375_cropped1.jpg',)",0
"('Data_V4/LO38EAST(R5)-20150423-0501_IMG_0471_cropped1.jpg',)",0
"('Data_V4/LO38EAST(R5)-20150528-0616_IMG_0034(1)_cropped0.jpg',)",1
"('Data_V4/LO38EAST(R5)-20150501-0513_IMG_0492_cropped1.jpg',)",0
"('Data_V4/LO38EAST(R5)-20150513-0528_IMG_0046_cropped3.jpg',)",0
"('Data_V4/LO38EAST(R5)-20150423-0501_IMG_0428_cropped0.jpg',)",0
"('Data_V4/LO38EAST(R5)-20150501-0513_IMG_0166_cropped1.jpg',)",0
"('Data_V4/LO38EAST(R5)-20150423-0501_IMG_0300_cropped0.jpg',)",0
"('Data_V4/LO38EAST(R5)-20150528-0616_IMG_0052_cropped1.jpg',)",0
"('Data_V4/LO38EAST(R5)-20150513-0528_IMG_0037_cropped1.jpg',)",0
"('Data_V4/LO38EAST(R5)-20150501-0513_IMG_0520_cropped2.jpg',)",0
"('Data_V4/LO38EAST(R5)-20150513-0528_IMG_0055_cropped2.jpg',)",0
"('Data_V4/LO38EAST(R5)-20150501-0513_IMG_0128_cropped1.jpg',)",0
"('Data_V4/LO38EAST(R5)-20150423-0501_IMG_0488_cropped0.jpg',)",0
"('Data_V4/LO38EAST(R5)-20150423-0501_IMG_0279_cropped1.jpg',)",0
"('Data_V4/LO38EAST(R5)-20150513-0528_IMG_1083_cropped2.jpg',)",0
"('Data_V4/LO38EAST(R5)-20150513-0528_IMG_2819_cropped0.jpg',)",0
"('Data_V4/LO38EAST(R5)-20150417-101RECNX_IMG_1056_cropped2.jpg',)",0
"('Data_V4/LO38EAST(R5)-20150423-0501_IMG_0319_cropped0.jpg',)",1
"('Data_V4/LO38EAST(R5)-20150513-0528_IMG_2428_cropped1.jpg',)",0
"('Data_V4/LO38EAST(R5)-20150513-0528_IMG_0203_cropped1.jpg',)",0
"('Data_V4/LO38EAST(R5)-20150513-0528_IMG_2361_cropped1.jpg',)",0
"('Data_V4/LO38EAST(R5)-20150417-101RECNX_IMG_0109_cropped2.jpg',)",0
"('Data_V4/LO38EAST(R5)-20150513-0528_IMG_1451_cropped0.jpg',)",0
"('Data_V4/LO38EAST(R5)-20150513-0528_IMG_0982_cropped0.jpg',)",0
"('Data_V4/LO38EAST(R5)-20150501-0513_IMG_0190_cropped2.jpg',)",0
"('Data_V4/LO38EAST(R5)-20150501-0513_IMG_0079_cropped1.jpg',)",0
"('Data_V4/LO38EAST(R5)-20150417-101RECNX_IMG_0543_cropped1.jpg',)",0
"('Data_V4/LO38EAST(R5)-20150501-0513_IMG_0152_cropped2.jpg',)",0
"('Data_V4/LO38EAST(R5)-20150528-0616_IMG_0015_cropped1.jpg',)",1
"('Data_V4/LO38EAST(R5)-20150501-0513_IMG_0505_cropped2.jpg',)",0
"('Data_V4/LO38EAST(R5)-20150417-101RECNX_IMG_0302_cropped1.jpg',)",0
"('Data_V4/LO38EAST(R5)-20150513-0528_IMG_0022_cropped2.jpg',)",0
"('Data_V4/LO38EAST(R5)-20150423-0501_IMG_0516_cropped0.jpg',)",1
"('Data_V4/LO38EAST(R5)-20150513-0528_IMG_2749_cropped1.jpg',)",0
"('Data_V4/LO38EAST(R5)-20150513-0528_IMG_1913_cropped1.jpg',)",0
"('Data_V4/LO38EAST(R5)-20150501-0513_IMG_0188_cropped2.jpg',)",0
"('Data_V4/LO38EAST(R5)-20150423-0501_IMG_0438_cropped1.jpg',)",0
"('Data_V4/LO38EAST(R5)-20150423-0501_IMG_0362_cropped1.jpg',)",0
"('Data_V4/LO38EAST(R5)-20150423-0501_IMG_0389_cropped1.jpg',)",0
"('Data_V4/LO38EAST(R5)-20150417-101RECNX_IMG_0251_cropped1.jpg',)",0
"('Data_V4/LO38EAST(R5)-20150501-0513_IMG_0150_cropped1.jpg',)",0
"('Data_V4/LO38EAST(R5)-20150417-101RECNX_IMG_0416_cropped0.jpg',)",0
"('Data_V4/LO38EAST(R5)-20150423-0501_IMG_0096_cropped1.jpg',)",1
"('Data_V4/LO38EAST(R5)-20150501-0513_IMG_0559_cropped1.jpg',)",0
"('Data_V4/LO38EAST(R5)-20150513-0528_IMG_0360_cropped3.jpg',)",0
"('Data_V4/LO38EAST(R5)-20150513-0528_IMG_1904_cropped0.jpg',)",0
"('Data_V4/LO38EAST(R5)-20150513-0528_IMG_0177_cropped1.jpg',)",0
"('Data_V4/LO38EAST(R5)-20150501-0513_IMG_0184_cropped3.jpg',)",0
"('Data_V4/LO38EAST(R5)-20150423-0501_IMG_0529_cropped2.jpg',)",0
"('Data_V4/LO38EAST(R5)-20150513-0528_IMG_0947_cropped0.jpg',)",0
"('Data_V4/LO38EAST(R5)-20150423-0501_IMG_0218_cropped0.jpg',)",0
"('Data_V4/LO38EAST(R5)-20150513-0528_IMG_1888_cropped0.jpg',)",0
"('Data_V4/LO38EAST(R5)-20150423-0501_IMG_0204_cropped1.jpg',)",0
"('Data_V4/LO38EAST(R5)-20150423-0501_IMG_0470_cropped2.jpg',)",0
"('Data_V4/LO38EAST(R5)-20150513-0528_IMG_1453_cropped1.jpg',)",0
"('Data_V4/LO38EAST(R5)-20150423-0501_IMG_0153_cropped1.jpg',)",0
"('Data_V4/LO38EAST(R5)-20150513-0528_IMG_0043_cropped1.jpg',)",0
"('Data_V4/LO38EAST(R5)-20150423-0501_IMG_0193_cropped1.jpg',)",0
"('Data_V4/LO38EAST(R5)-20150501-0513_IMG_0241_cropped1.jpg',)",0
"('Data_V4/LO38EAST(R5)-20150513-0528_IMG_2614_cropped1.jpg',)",0
"('Data_V4/LO38EAST(R5)-20150501-0513_IMG_0117_cropped0.jpg',)",0
"('Data_V4/LO38EAST(R5)-20150423-0501_IMG_0531_cropped2.jpg',)",0
"('Data_V4/LO38EAST(R5)-20150417-101RECNX_IMG_0978_cropped1.jpg',)",0
"('Data_V4/LO38EAST(R5)-20150417-101RECNX_IMG_0504_cropped1.jpg',)",0
"('Data_V4/LO38EAST(R5)-20150501-0513_IMG_0584_cropped2.jpg',)",0
"('Data_V4/LO38EAST(R5)-20150513-0528_IMG_2798_cropped1.jpg',)",0
"('Data_V4/LO38EAST(R5)-20150513-0528_IMG_0565(1)_cropped2.jpg',)",0
"('Data_V4/LO38EAST(R5)-20150513-0528_IMG_1450_cropped0.jpg',)",0
"('Data_V4/LO38EAST(R5)-20150513-0528_IMG_1724_cropped0.jpg',)",0
"('Data_V4/LO38EAST(R5)-20150513-0528_IMG_2404_cropped1.jpg',)",0
"('Data_V4/LO38EAST(R5)-20150501-0513_IMG_0046_cropped1.jpg',)",0
"('Data_V4/LO38EAST(R5)-20150417-101RECNX_IMG_1280_cropped2.jpg',)",0
"('Data_V4/LO38EAST(R5)-20150501-0513_IMG_0529_cropped2.jpg',)",0
"('Data_V4/LO38EAST(R5)-20150423-0501_IMG_0327_cropped1.jpg',)",0
"('Data_V4/LO38EAST(R5)-20150417-101RECNX_IMG_1287_cropped2.jpg',)",0
"('Data_V4/LO38EAST(R5)-20150513-0528_IMG_0438(1)_cropped1.jpg',)",0
"('Data_V4/LO38EAST(R5)-20150417-101RECNX_IMG_1293_cropped1.jpg',)",0
"('Data_V4/LO38EAST(R5)-20150423-0501_IMG_0199_cropped1.jpg',)",0
"('Data_V4/LO38EAST(R5)-20150513-0528_IMG_0428_cropped1.jpg',)",0
"('Data_V4/LO38EAST(R5)-20150513-0528_IMG_0367_cropped1.jpg',)",0
"('Data_V4/LO38EAST(R5)-20150513-0528_IMG_2211_cropped1.jpg',)",0
"('Data_V4/LO38EAST(R5)-20150528-0616_IMG_0041_cropped0.jpg',)",0
"('Data_V4/LO38EAST(R5)-20150423-0501_IMG_0112_cropped1.jpg',)",0
"('Data_V4/LO38EAST(R5)-20150513-0528_IMG_2207_cropped1.jpg',)",0
"('Data_V4/LO38EAST(R5)-20150501-0513_IMG_0098_cropped0.jpg',)",0
"('Data_V4/LO38EAST(R5)-20150423-0501_IMG_0297_cropped1.jpg',)",0
"('Data_V4/LO38EAST(R5)-20150501-0513_IMG_0587_cropped1.jpg',)",0
"('Data_V4/LO38EAST(R5)-20150501-0513_IMG_0068_cropped2.jpg',)",0
"('Data_V4/LO38EAST(R5)-20150417-101RECNX_IMG_0310_cropped1.jpg',)",0
"('Data_V4/LO38EAST(R5)-20150513-0528_IMG_0021_cropped1.jpg',)",0
"('Data_V4/LO38EAST(R5)-20150513-0528_IMG_2577_cropped0.jpg',)",0
"('Data_V4/LO38EAST(R5)-20150528-0616_IMG_0024_cropped0.jpg',)",0
"('Data_V4/LO38EAST(R5)-20150501-0513_IMG_0481_cropped2.jpg',)",0
"('Data_V4/LO38EAST(R5)-20150528-0616_IMG_0007(1)_cropped0.jpg',)",1
"('Data_V4/LO38EAST(R5)-20150501-0513_IMG_0500_cropped2.jpg',)",0
"('Data_V4/LO38EAST(R5)-20150423-0501_IMG_0358_cropped1.jpg',)",0
"('Data_V4/LO38EAST(R5)-20150423-0501_IMG_0348_cropped1.jpg',)",0
"('Data_V4/LO38EAST(R5)-20150513-0528_IMG_2607_cropped1.jpg',)",0
"('Data_V4/LO38EAST(R5)-20150528-0616_IMG_0054_cropped0.jpg',)",1
"('Data_V4/LO38EAST(R5)-20150501-0513_IMG_0091_cropped1.jpg',)",0
"('Data_V4/LO38EAST(R5)-20150513-0528_IMG_0957_cropped1.jpg',)",0
"('Data_V4/LO38EAST(R5)-20150501-0513_IMG_0501_cropped1.jpg',)",0
"('Data_V4/LO38EAST(R5)-20150501-0513_IMG_0151_cropped2.jpg',)",0
"('Data_V4/LO38EAST(R5)-20150501-0513_IMG_0573_cropped1.jpg',)",0
"('Data_V4/LO38EAST(R5)-20150513-0528_IMG_0991_cropped0.jpg',)",0
"('Data_V4/LO38EAST(R5)-20150528-0616_IMG_0040(1)_cropped0.jpg',)",0
"('Data_V4/LO38EAST(R5)-20150513-0528_IMG_1912_cropped0.jpg',)",0
"('Data_V4/LO38EAST(R5)-20150501-0513_IMG_0502_cropped2.jpg',)",0
"('Data_V4/LO38EAST(R5)-20150423-0501_IMG_0320_cropped1.jpg',)",0
"('Data_V4/LO38EAST(R5)-20150513-0528_IMG_0061_cropped1.jpg',)",0
"('Data_V4/LO38EAST(R5)-20150501-0513_IMG_0535_cropped2.jpg',)",0
"('Data_V4/LO38EAST(R5)-20150501-0513_IMG_0563_cropped1.jpg',)",0
"('Data_V4/LO38EAST(R5)-20150513-0528_IMG_0561_cropped1.jpg',)",0
"('Data_V4/LO38EAST(R5)-20150528-0616_IMG_0042(1)_cropped1.jpg',)",0
"('Data_V4/LO38EAST(R5)-20150423-0501_IMG_0128_cropped0.jpg',)",1
"('Data_V4/LO38EAST(R5)-20150513-0528_IMG_0066_cropped1.jpg',)",0
"('Data_V4/LO38EAST(R5)-20150501-0513_IMG_0055_cropped1.jpg',)",0
"('Data_V4/LO38EAST(R5)-20150513-0528_IMG_2761_cropped2.jpg',)",0
"('Data_V4/LO38EAST(R5)-20150423-0501_IMG_0454_cropped0.jpg',)",1
"('Data_V4/LO38EAST(R5)-20150417-101RECNX_IMG_1142_cropped1.jpg',)",0
"('Data_V4/LO38EAST(R5)-20150423-0501_IMG_0326_cropped1.jpg',)",0
"('Data_V4/LO38EAST(R5)-20150501-0513_IMG_0226_cropped2.jpg',)",0
"('Data_V4/LO38EAST(R5)-20150423-0501_IMG_0526_cropped1.jpg',)",0
"('Data_V4/LO38EAST(R5)-20150513-0528_IMG_2612_cropped0.jpg',)",0
"('Data_V4/LO38EAST(R5)-20150513-0528_IMG_0560(1)_cropped2.jpg',)",0
"('Data_V4/LO38EAST(R5)-20150513-0528_IMG_0006(1)_cropped2.jpg',)",0
"('Data_V4/LO38EAST(R5)-20150513-0528_IMG_0202_cropped2.jpg',)",0
"('Data_V4/LO38EAST(R5)-20150513-0528_IMG_1719_cropped1.jpg',)",0
"('Data_V4/LO38EAST(R5)-20150513-0528_IMG_0056_cropped2.jpg',)",0
"('Data_V4/LO38EAST(R5)-20150528-0616_IMG_0058_cropped0.jpg',)",1
"('Data_V4/LO38EAST(R5)-20150513-0528_IMG_0075_cropped1.jpg',)",0
"('Data_V4/LO38EAST(R5)-20150423-0501_IMG_0249_cropped1.jpg',)",0
"('Data_V4/LO38EAST(R5)-20150513-0528_IMG_0228_cropped1.jpg',)",0
"('Data_V4/LO38EAST(R5)-20150417-101RECNX_IMG_0709_cropped1.jpg',)",0
"('Data_V4/LO38EAST(R5)-20150501-0513_IMG_0024_cropped3.jpg',)",0
"('Data_V4/LO38EAST(R5)-20150423-0501_IMG_0429_cropped0.jpg',)",1
"('Data_V4/LO38EAST(R5)-20150423-0501_IMG_0118_cropped0.jpg',)",1
"('Data_V4/LO38EAST(R5)-20150417-101RECNX_IMG_1016_cropped0.jpg',)",0
"('Data_V4/LO38EAST(R5)-20150513-0528_IMG_0573_cropped0.jpg',)",0
"('Data_V4/LO38EAST(R5)-20150513-0528_IMG_0358_cropped2.jpg',)",0
"('Data_V4/LO38EAST(R5)-20150513-0528_IMG_0349_cropped2.jpg',)",0
"('Data_V4/LO38EAST(R5)-20150423-0501_IMG_0234_cropped1.jpg',)",0
"('Data_V4/LO38EAST(R5)-20150513-0528_IMG_0402_cropped0.jpg',)",0
"('Data_V4/LO38EAST(R5)-20150501-0513_IMG_0174_cropped1.jpg',)",0
"('Data_V4/LO38EAST(R5)-20150513-0528_IMG_0575_cropped0.jpg',)",0
"('Data_V4/LO38EAST(R5)-20150501-0513_IMG_0160_cropped2.jpg',)",0
"('Data_V4/LO38EAST(R5)-20150513-0528_IMG_2765_cropped2.jpg',)",0
"('Data_V4/LO38EAST(R5)-20150423-0501_IMG_0519_cropped0.jpg',)",0
"('Data_V4/LO38EAST(R5)-20150423-0501_IMG_0400_cropped0.jpg',)",1
"('Data_V4/LO38EAST(R5)-20150513-0528_IMG_2570_cropped0.jpg',)",0
"('Data_V4/LO38EAST(R5)-20150501-0513_IMG_0089_cropped2.jpg',)",0
"('Data_V4/LO38EAST(R5)-20150501-0513_IMG_0533_cropped2.jpg',)",0
"('Data_V4/LO38EAST(R5)-20150528-0616_IMG_0041(1)_cropped0.jpg',)",0
"('Data_V4/LO38EAST(R5)-20150417-101RECNX_IMG_0433_cropped0.jpg',)",0
"('Data_V4/LO38EAST(R5)-20150528-0616_IMG_0057_cropped2.jpg',)",0
"('Data_V4/LO38EAST(R5)-20150513-0528_IMG_0943_cropped0.jpg',)",0
"('Data_V4/LO38EAST(R5)-20150528-0616_IMG_0032(1)_cropped0.jpg',)",1
"('Data_V4/LO38EAST(R5)-20150501-0513_IMG_0101_cropped1.jpg',)",0
"('Data_V4/LO38EAST(R5)-20150513-0528_IMG_1733_cropped1.jpg',)",0
"('Data_V4/LO38EAST(R5)-20150417-101RECNX_IMG_0417_cropped0.jpg',)",0
"('Data_V4/LO38EAST(R5)-20150417-101RECNX_IMG_0303_cropped1.jpg',)",0
"('Data_V4/LO38EAST(R5)-20150513-0528_IMG_2203_cropped1.jpg',)",0
"('Data_V4/LO38EAST(R5)-20150501-0513_IMG_0196_cropped2.jpg',)",0
"('Data_V4/LO38EAST(R5)-20150501-0513_IMG_0025_cropped1.jpg',)",0
"('Data_V4/LO38EAST(R5)-20150423-0501_IMG_0360_cropped1.jpg',)",0
"('Data_V4/LO38EAST(R5)-20150501-0513_IMG_0604_cropped0.jpg',)",0
"('Data_V4/LO38EAST(R5)-20150513-0528_IMG_1731_cropped0.jpg',)",1
"('Data_V4/LO38EAST(R5)-20150513-0528_IMG_2599_cropped1.jpg',)",0
"('Data_V4/LO38EAST(R5)-20150513-0528_IMG_1905_cropped0.jpg',)",0
"('Data_V4/LO38EAST(R5)-20150501-0513_IMG_0181_cropped1.jpg',)",0
"('Data_V4/LO38EAST(R5)-20150423-0501_IMG_0413_cropped0.jpg',)",0
"('Data_V4/LO38EAST(R5)-20150513-0528_IMG_2598_cropped0.jpg',)",0
"('Data_V4/LO38EAST(R5)-20150513-0528_IMG_2562_cropped1.jpg',)",0
"('Data_V4/LO38EAST(R5)-20150423-0501_IMG_0285_cropped1.jpg',)",0
"('Data_V4/LO38EAST(R5)-20150423-0501_IMG_0288_cropped2.jpg',)",0
"('Data_V4/LO38EAST(R5)-20150513-0528_IMG_1084_cropped0.jpg',)",0
"('Data_V4/LO38EAST(R5)-20150513-0528_IMG_2629_cropped1.jpg',)",0
"('Data_V4/LO38EAST(R5)-20150513-0528_IMG_1718_cropped1.jpg',)",0
"('Data_V4/LO38EAST(R5)-20150423-0501_IMG_0333_cropped1.jpg',)",0
"('Data_V4/LO38EAST(R5)-20150513-0528_IMG_0212_cropped2.jpg',)",0
"('Data_V4/LO38EAST(R5)-20150423-0501_IMG_0019_cropped1.jpg',)",0
"('Data_V4/LO38EAST(R5)-20150501-0513_IMG_0232_cropped1.jpg',)",0
"('Data_V4/LO38EAST(R5)-20150501-0513_IMG_0562_cropped1.jpg',)",0
"('Data_V4/LO38EAST(R5)-20150513-0528_IMG_0548(1)_cropped1.jpg',)",0
"('Data_V4/LO38EAST(R5)-20150417-101RECNX_IMG_1156_cropped1.jpg',)",0
"('Data_V4/LO38EAST(R5)-20150513-0528_IMG_2763_cropped2.jpg',)",0
"('Data_V4/LO38EAST(R5)-20150423-0501_IMG_0221_cropped1.jpg',)",0
"('Data_V4/LO38EAST(R5)-20150528-0616_IMG_0042_cropped1.jpg',)",0
"('Data_V4/LO38EAST(R5)-20150501-0513_IMG_0094_cropped2.jpg',)",0
"('Data_V4/LO38EAST(R5)-20150528-0616_IMG_0011(1)_cropped0.jpg',)",0
"('Data_V4/LO38EAST(R5)-20150423-0501_IMG_0341_cropped0.jpg',)",1
"('Data_V4/LO38EAST(R5)-20150423-0501_IMG_0353_cropped1.jpg',)",0
"('Data_V4/LO38EAST(R5)-20150417-101RECNX_IMG_0204_cropped2.jpg',)",0
"('Data_V4/LO38EAST(R5)-20150513-0528_IMG_0377_cropped2.jpg',)",0
"('Data_V4/LO38EAST(R5)-20150501-0513_IMG_0475_cropped1.jpg',)",0
"('Data_V4/LO38EAST(R5)-20150501-0513_IMG_0060_cropped0.jpg',)",1
"('Data_V4/LO38EAST(R5)-20150513-0528_IMG_0577_cropped2.jpg',)",0
"('Data_V4/LO38EAST(R5)-20150423-0501_IMG_0465_cropped2.jpg',)",0
"('Data_V4/LO38EAST(R5)-20150501-0513_IMG_0147_cropped2.jpg',)",0
"('Data_V4/LO38EAST(R5)-20150501-0513_IMG_0523_cropped1.jpg',)",0
"('Data_V4/LO38EAST(R5)-20150513-0528_IMG_0984_cropped0.jpg',)",0
"('Data_V4/LO38EAST(R5)-20150423-0501_IMG_0191_cropped1.jpg',)",0
"('Data_V4/LO38EAST(R5)-20150501-0513_IMG_0104_cropped2.jpg',)",0
"('Data_V4/LO38EAST(R5)-20150501-0513_IMG_0040_cropped1.jpg',)",0
"('Data_V4/LO38EAST(R5)-20150423-0501_IMG_0452_cropped0.jpg',)",0
"('Data_V4/LO38EAST(R5)-20150423-0501_IMG_0301_cropped1.jpg',)",0
"('Data_V4/LO38EAST(R5)-20150513-0528_IMG_2799_cropped1.jpg',)",0
"('Data_V4/LO38EAST(R5)-20150501-0513_IMG_0552_cropped1.jpg',)",0
"('Data_V4/LO38EAST(R5)-20150513-0528_IMG_2198_cropped0.jpg',)",0
"('Data_V4/LO38EAST(R5)-20150501-0513_IMG_0549_cropped2.jpg',)",0
"('Data_V4/LO38EAST(R5)-20150528-0616_IMG_0037_cropped1.jpg',)",1
"('Data_V4/LO38EAST(R5)-20150501-0513_IMG_0234_cropped1.jpg',)",0
"('Data_V4/LO38EAST(R5)-20150501-0513_IMG_0564_cropped1.jpg',)",0
"('Data_V4/LO38EAST(R5)-20150513-0528_IMG_1736_cropped1.jpg',)",0
"('Data_V4/LO38EAST(R5)-20150417-101RECNX_IMG_0399_cropped1.jpg',)",0
"('Data_V4/LO38EAST(R5)-20150501-0513_IMG_0493_cropped2.jpg',)",0
"('Data_V4/LO38EAST(R5)-20150528-0616_IMG_0017(1)_cropped0.jpg',)",0
"('Data_V4/LO38EAST(R5)-20150513-0528_IMG_0987_cropped0.jpg',)",0
"('Data_V4/LO38EAST(R5)-20150513-0528_IMG_0414_cropped0.jpg',)",0
"('Data_V4/LO38EAST(R5)-20150501-0513_IMG_0516_cropped1.jpg',)",0
"('Data_V4/LO38EAST(R5)-20150513-0528_IMG_2559_cropped1.jpg',)",0
"('Data_V4/LO38EAST(R5)-20150423-0501_IMG_0387_cropped1.jpg',)",0
"('Data_V4/LO38EAST(R5)-20150528-0616_IMG_0014_cropped0.jpg',)",0
"('Data_V4/LO38EAST(R5)-20150513-0528_IMG_0036_cropped2.jpg',)",0
"('Data_V4/LO38EAST(R5)-20150513-0528_IMG_2824_cropped0.jpg',)",1
"('Data_V4/LO38EAST(R5)-20150513-0528_IMG_1732_cropped1.jpg',)",0
"('Data_V4/LO38EAST(R5)-20150501-0513_IMG_0201_cropped1.jpg',)",0
"('Data_V4/LO38EAST(R5)-20150513-0528_IMG_0034_cropped2.jpg',)",0
"('Data_V4/LO38EAST(R5)-20150501-0513_IMG_0069_cropped3.jpg',)",0
"('Data_V4/LO38EAST(R5)-20150513-0528_IMG_2202_cropped1.jpg',)",0
"('Data_V4/LO38EAST(R5)-20150513-0528_IMG_0588_cropped0.jpg',)",0
"('Data_V4/LO38EAST(R5)-20150513-0528_IMG_2366_cropped1.jpg',)",0
"('Data_V4/LO38EAST(R5)-20150423-0501_IMG_0251_cropped1.jpg',)",0
"('Data_V4/LO38EAST(R5)-20150423-0501_IMG_0384_cropped1.jpg',)",0
"('Data_V4/LO38EAST(R5)-20150417-101RECNX_IMG_0527_cropped1.jpg',)",0
"('Data_V4/LO38EAST(R5)-20150501-0513_IMG_0070_cropped2.jpg',)",0
"('Data_V4/LO38EAST(R5)-20150501-0513_IMG_0100_cropped1.jpg',)",0
"('Data_V4/LO38EAST(R5)-20150501-0513_IMG_0515_cropped1.jpg',)",0
"('Data_V4/LO38EAST(R5)-20150417-101RECNX_IMG_0317_cropped1.jpg',)",0
"('Data_V4/LO38EAST(R5)-20150417-101RECNX_IMG_0499_cropped1.jpg',)",0
"('Data_V4/LO38EAST(R5)-20150513-0528_IMG_0549_cropped2.jpg',)",0
"('Data_V4/LO38EAST(R5)-20150513-0528_IMG_0165_cropped1.jpg',)",0
"('Data_V4/LO38EAST(R5)-20150513-0528_IMG_0981_cropped0.jpg',)",0
"('Data_V4/LO38EAST(R5)-20150513-0528_IMG_2359_cropped1.jpg',)",0
"('Data_V4/LO38EAST(R5)-20150423-0501_IMG_0306_cropped1.jpg',)",0
"('Data_V4/LO38EAST(R5)-20150513-0528_IMG_2388_cropped2.jpg',)",0
"('Data_V4/LO38EAST(R5)-20150501-0513_IMG_0011_cropped0.jpg',)",1
"('Data_V4/LO38EAST(R5)-20150417-101RECNX_IMG_0544_cropped1.jpg',)",0
"('Data_V4/LO38EAST(R5)-20150423-0501_IMG_0399_cropped0.jpg',)",0
"('Data_V4/LO38EAST(R5)-20150501-0513_IMG_0592_cropped2.jpg',)",0
"('Data_V4/LO38EAST(R5)-20150423-0501_IMG_0100_cropped0.jpg',)",1
"('Data_V4/LO38EAST(R5)-20150513-0528_IMG_1903_cropped0.jpg',)",0
"('Data_V4/LO38EAST(R5)-20150513-0528_IMG_0073_cropped1.jpg',)",0
"('Data_V4/LO38EAST(R5)-20150423-0501_IMG_0267_cropped1.jpg',)",0
"('Data_V4/LO38EAST(R5)-20150513-0528_IMG_2771_cropped1.jpg',)",0
"('Data_V4/LO38EAST(R5)-20150501-0513_IMG_0238_cropped2.jpg',)",0
"('Data_V4/LO38EAST(R5)-20150528-0616_IMG_0056(1)_cropped1.jpg',)",0
"('Data_V4/LO38EAST(R5)-20150501-0513_IMG_0124_cropped3.jpg',)",0
"('Data_V4/LO38EAST(R5)-20150417-101RECNX_IMG_0695_cropped2.jpg',)",0
"('Data_V4/LO38EAST(R5)-20150513-0528_IMG_2606_cropped0.jpg',)",0
"('Data_V4/LO38EAST(R5)-20150513-0528_IMG_0229_cropped2.jpg',)",0
"('Data_V4/LO38EAST(R5)-20150501-0513_IMG_0077_cropped0.jpg',)",0
"('Data_V4/LO38EAST(R5)-20150417-101RECNX_IMG_0880_cropped1.jpg',)",0
"('Data_V4/LO38EAST(R5)-20150513-0528_IMG_0362_cropped2.jpg',)",0
"('Data_V4/LO38EAST(R5)-20150513-0528_IMG_0004_cropped2.jpg',)",0
"('Data_V4/LO38EAST(R5)-20150501-0513_IMG_0595_cropped2.jpg',)",0
"('Data_V4/LO38EAST(R5)-20150528-0616_IMG_0006(1)_cropped0.jpg',)",1
"('Data_V4/LO38EAST(R5)-20150423-0501_IMG_0149_cropped0.jpg',)",1
"('Data_V4/LO38EAST(R5)-20150513-0528_IMG_0074_cropped1.jpg',)",0
"('Data_V4/LO38EAST(R5)-20150417-101RECNX_IMG_0574_cropped1.jpg',)",0
"('Data_V4/LO38EAST(R5)-20150423-0501_IMG_0364_cropped2.jpg',)",0
"('Data_V4/LO38EAST(R5)-20150513-0528_IMG_0416_cropped0.jpg',)",0
"('Data_V4/LO38EAST(R5)-20150513-0528_IMG_2228_cropped0.jpg',)",0
"('Data_V4/LO38EAST(R5)-20150501-0513_IMG_0538_cropped1.jpg',)",0
"('Data_V4/LO38EAST(R5)-20150423-0501_IMG_0137_cropped0.jpg',)",1
"('Data_V4/LO38EAST(R5)-20150501-0513_IMG_0156_cropped3.jpg',)",0
"('Data_V4/LO38EAST(R5)-20150501-0513_IMG_0527_cropped1.jpg',)",0
"('Data_V4/LO38EAST(R5)-20150423-0501_IMG_0512_cropped0.jpg',)",1
"('Data_V4/LO38EAST(R5)-20150423-0501_IMG_0295_cropped1.jpg',)",0
"('Data_V4/LO38EAST(R5)-20150513-0528_IMG_0566(1)_cropped2.jpg',)",0
"('Data_V4/LO38EAST(R5)-20150501-0513_IMG_0578_cropped0.jpg',)",0
"('Data_V4/LO38EAST(R5)-20150513-0528_IMG_0172_cropped2.jpg',)",0
"('Data_V4/LO38EAST(R5)-20150423-0501_IMG_0489_cropped0.jpg',)",0
"('Data_V4/LO38EAST(R5)-20150513-0528_IMG_0038(1)_cropped1.jpg',)",0
"('Data_V4/LO38EAST(R5)-20150417-101RECNX_IMG_0186_cropped2.jpg',)",0
"('Data_V4/LO38EAST(R5)-20150423-0501_IMG_0163_cropped0.jpg',)",1
"('Data_V4/LO38EAST(R5)-20150513-0528_IMG_0562(1)_cropped0.jpg',)",0
"('Data_V4/LO38EAST(R5)-20150501-0513_IMG_0483_cropped2.jpg',)",0
"('Data_V4/LO38EAST(R5)-20150513-0528_IMG_1456_cropped0.jpg',)",0
"('Data_V4/LO38EAST(R5)-20150513-0528_IMG_0024_cropped1.jpg',)",0
"('Data_V4/LO38EAST(R5)-20150417-101RECNX_IMG_0979_cropped2.jpg',)",0
"('Data_V4/LO38EAST(R5)-20150501-0513_IMG_0080_cropped1.jpg',)",0
"('Data_V4/LO38EAST(R5)-20150417-101RECNX_IMG_0739_cropped1.jpg',)",0
"('Data_V4/LO38EAST(R5)-20150513-0528_IMG_1241_cropped2.jpg',)",0
"('Data_V4/LO38EAST(R5)-20150423-0501_IMG_0398_cropped0.jpg',)",0
"('Data_V4/LO38EAST(R5)-20150513-0528_IMG_0429_cropped1.jpg',)",0
"('Data_V4/LO38EAST(R5)-20150513-0528_IMG_2371_cropped0.jpg',)",0
"('Data_V4/LO38EAST(R5)-20150501-0513_IMG_0175_cropped0.jpg',)",1
"('Data_V4/LO38EAST(R5)-20150513-0528_IMG_0164_cropped1.jpg',)",0
"('Data_V4/LO38EAST(R5)-20150423-0501_IMG_0141_cropped0.jpg',)",0
"('Data_V4/LO38EAST(R5)-20150417-101RECNX_IMG_0193_cropped1.jpg',)",0
"('Data_V4/LO38EAST(R5)-20150513-0528_IMG_1899_cropped1.jpg',)",0
"('Data_V4/LO38EAST(R5)-20150417-101RECNX_IMG_0794_cropped1.jpg',)",0
"('Data_V4/LO38EAST(R5)-20150423-0501_IMG_0109_cropped1.jpg',)",0
"('Data_V4/LO38EAST(R5)-20150513-0528_IMG_0388_cropped2.jpg',)",0
"('Data_V4/LO38EAST(R5)-20150417-101RECNX_IMG_0787_cropped0.jpg',)",0
"('Data_V4/LO38EAST(R5)-20150423-0501_IMG_0315_cropped0.jpg',)",0
"('Data_V4/LO38EAST(R5)-20150423-0501_IMG_0464_cropped2.jpg',)",0
"('Data_V4/LO38EAST(R5)-20150501-0513_IMG_0083_cropped2.jpg',)",0
"('Data_V4/LO38EAST(R5)-20150423-0501_IMG_0155_cropped0.jpg',)",1
"('Data_V4/LO38EAST(R5)-20150423-0501_IMG_0325_cropped1.jpg',)",0
"('Data_V4/LO38EAST(R5)-20150423-0501_IMG_0212_cropped0.jpg',)",0
"('Data_V4/LO38EAST(R5)-20150501-0513_IMG_0477_cropped1.jpg',)",0
"('Data_V4/LO38EAST(R5)-20150417-101RECNX_IMG_0203_cropped2.jpg',)",0
"('Data_V4/LO38EAST(R5)-20150417-101RECNX_IMG_1239_cropped1.jpg',)",1
"('Data_V4/LO38EAST(R5)-20150528-0616_IMG_0048(1)_cropped0.jpg',)",1
"('Data_V4/LO38EAST(R5)-20150423-0501_IMG_0298_cropped1.jpg',)",0
"('Data_V4/LO38EAST(R5)-20150501-0513_IMG_0244_cropped2.jpg',)",0
"('Data_V4/LO38EAST(R5)-20150501-0513_IMG_0026_cropped1.jpg',)",0
"('Data_V4/LO38EAST(R5)-20150513-0528_IMG_1900_cropped2.jpg',)",0
"('Data_V4/LO38EAST(R5)-20150501-0513_IMG_0510_cropped1.jpg',)",0
"('Data_V4/LO38EAST(R5)-20150417-101RECNX_IMG_0442_cropped0.jpg',)",0
"('Data_V4/LO38EAST(R5)-20150513-0528_IMG_0011(1)_cropped2.jpg',)",0
"('Data_V4/LO38EAST(R5)-20150501-0513_IMG_0090_cropped3.jpg',)",0
"('Data_V4/LO38EAST(R5)-20150501-0513_IMG_0479_cropped2.jpg',)",0
"('Data_V4/LO38EAST(R5)-20150423-0501_IMG_0274_cropped0.jpg',)",0
"('Data_V4/LO38EAST(R5)-20150417-101RECNX_IMG_0694_cropped2.jpg',)",0
"('Data_V4/LO38EAST(R5)-20150501-0513_IMG_0137_cropped0.jpg',)",0
"('Data_V4/LO38EAST(R5)-20150423-0501_IMG_0131_cropped0.jpg',)",1
"('Data_V4/LO38EAST(R5)-20150501-0513_IMG_0127_cropped2.jpg',)",0
"('Data_V4/LO38EAST(R5)-20150501-0513_IMG_0057_cropped0.jpg',)",1
"('Data_V4/LO38EAST(R5)-20150513-0528_IMG_0564(1)_cropped1.jpg',)",0
"('Data_V4/LO38EAST(R5)-20150501-0513_IMG_0051_cropped0.jpg',)",0
"('Data_V4/LO38EAST(R5)-20150501-0513_IMG_0476_cropped1.jpg',)",0
"('Data_V4/LO38EAST(R5)-20150423-0501_IMG_0220_cropped1.jpg',)",0
"('Data_V4/LO38EAST(R5)-20150501-0513_IMG_0018_cropped0.jpg',)",0
"('Data_V4/LO38EAST(R5)-20150423-0501_IMG_0248_cropped2.jpg',)",0
"('Data_V4/LO38EAST(R5)-20150501-0513_IMG_0558_cropped1.jpg',)",0
"('Data_V4/LO38EAST(R5)-20150513-0528_IMG_0567(1)_cropped2.jpg',)",0
"('Data_V4/LO38EAST(R5)-20150513-0528_IMG_1898_cropped0.jpg',)",0
"('Data_V4/LO38EAST(R5)-20150513-0528_IMG_0188_cropped2.jpg',)",0
"('Data_V4/LO38EAST(R5)-20150501-0513_IMG_0074_cropped1.jpg',)",0
"('Data_V4/LO38EAST(R5)-20150513-0528_IMG_1730_cropped0.jpg',)",0
"('Data_V4/LO38EAST(R5)-20150501-0513_IMG_0571_cropped1.jpg',)",0
"('Data_V4/LO38EAST(R5)-20150417-101RECNX_IMG_0305_cropped2.jpg',)",0
"('Data_V4/LO38EAST(R5)-20150423-0501_IMG_0106_cropped1.jpg',)",1
"('Data_V4/LO38EAST(R5)-20150513-0528_IMG_2560_cropped1.jpg',)",0
"('Data_V4/LO38EAST(R5)-20150528-0616_IMG_0023_cropped0.jpg',)",0
"('Data_V4/LO38EAST(R5)-20150513-0528_IMG_2827_cropped1.jpg',)",0
"('Data_V4/LO38EAST(R5)-20150501-0513_IMG_0022_cropped1.jpg',)",0
"('Data_V4/LO38EAST(R5)-20150513-0528_IMG_0030_cropped2.jpg',)",0
"('Data_V4/LO38EAST(R5)-20150513-0528_IMG_2370_cropped2.jpg',)",0
"('Data_V4/LO38EAST(R5)-20150513-0528_IMG_0071_cropped2.jpg',)",0
"('Data_V4/LO38EAST(R5)-20150501-0513_IMG_0488_cropped2.jpg',)",0
"('Data_V4/LO38EAST(R5)-20150423-0501_IMG_0283_cropped1.jpg',)",0
"('Data_V4/LO38EAST(R5)-20150513-0528_IMG_0439(1)_cropped2.jpg',)",0
"('Data_V4/LO38EAST(R5)-20150501-0513_IMG_0495_cropped2.jpg',)",0
"('Data_V4/LO38EAST(R5)-20150423-0501_IMG_0431_cropped0.jpg',)",0
"('Data_V4/LO38EAST(R5)-20150513-0528_IMG_0017(1)_cropped2.jpg',)",0
"('Data_V4/LO38EAST(R5)-20150513-0528_IMG_1910_cropped1.jpg',)",0
"('Data_V4/LO38EAST(R5)-20150417-101RECNX_IMG_0466_cropped2.jpg',)",0
"('Data_V4/LO38EAST(R5)-20150513-0528_IMG_0229(1)_cropped2.jpg',)",0
"('Data_V4/LO38EAST(R5)-20150513-0528_IMG_0058_cropped1.jpg',)",0
"('Data_V4/LO38EAST(R5)-20150501-0513_IMG_0243_cropped1.jpg',)",0
"('Data_V4/LO38EAST(R5)-20150513-0528_IMG_2405_cropped1.jpg',)",0
"('Data_V4/LO38EAST(R5)-20150423-0501_IMG_0482_cropped0.jpg',)",0
"('Data_V4/LO38EAST(R5)-20150501-0513_IMG_0537_cropped1.jpg',)",0
"('Data_V4/LO38EAST(R5)-20150423-0501_IMG_0152_cropped0.jpg',)",1
"('Data_V4/LO38EAST(R5)-20150513-0528_IMG_2398_cropped1.jpg',)",0
"('Data_V4/LO38EAST(R5)-20150513-0528_IMG_1081_cropped1.jpg',)",0
"('Data_V4/LO38EAST(R5)-20150423-0501_IMG_0445_cropped0.jpg',)",0
"('Data_V4/LO38EAST(R5)-20150417-101RECNX_IMG_1161_cropped2.jpg',)",0
"('Data_V4/LO38EAST(R5)-20150501-0513_IMG_0590_cropped2.jpg',)",0
"('Data_V4/LO38EAST(R5)-20150501-0513_IMG_0167_cropped0.jpg',)",0
"('Data_V4/LO38EAST(R5)-20150513-0528_IMG_0029(1)_cropped2.jpg',)",0
"('Data_V4/LO38EAST(R5)-20150513-0528_IMG_0549(1)_cropped2.jpg',)",0
"('Data_V4/LO38EAST(R5)-20150513-0528_IMG_1068_cropped0.jpg',)",0
"('Data_V4/LO38EAST(R5)-20150423-0501_IMG_0498_cropped1.jpg',)",0
"('Data_V4/LO38EAST(R5)-20150423-0501_IMG_0227_cropped0.jpg',)",0
